model_size,time,wer,energy
tiny,11.816771507263184,0.11994949728250504,1049814
base,15.840875625610352,0.11489898711442947,1527696
small,27.291074991226196,0.11174242198467255,2987448
medium,51.46740412712097,0.07702020555734634,6689379
large,71.52642869949341,0.02777777798473835,10950307
large-v2,70.43394732475281,0.02777777798473835,11168658
