model_size,time,wer
tiny,11.655554056167603,0.11994949728250504
base,17.354296445846558,0.11489898711442947
small,27.352954864501953,0.11174242198467255
medium,52.61990928649902,0.08396464586257935
large,71.26665759086609,0.02777777798473835
large-v2,70.6759021282196,0.02777777798473835
