model_size,time,wer,energy
tiny,9.89539647102356,0,469792
base,11.247991800308228,0,588926
small,23.694217205047607,0,1267768
medium,80.0126883983612,0,4303896
large,166.16289806365967,0,8917379
large-v2,171.27294373512268,0,9189386
