model_size,time,wer,energy
tiny,12.01274847984314,0.11994949728250504,1139.998
base,17.170162439346313,0.11489898711442947,1769.69
small,29.626190185546875,0.11174242198467255,3365.095
medium,52.00654149055481,0.07512626051902771,6847.405
large,70.0117347240448,0.02777777798473835,11032.127
large-v2,73.09176230430603,0.02777777798473835,11415.964
