model_size,time,wer,energy
tiny,6.076991319656372,0.1180555522441864,310.631
base,7.790259122848511,0.11489898711442947,516.905
small,12.249578714370728,0.12878787517547607,951.65
medium,32.686503648757935,0.08080808073282242,2575.842
large,57.39688014984131,0.02777777798473835,4550.794
large-v2,58.305121421813965,0.02777777798473835,4629.574
