model_size,time,wer,energy
tiny,10.64406442642212,0.1180555522441864,423.521
base,8.247642278671265,0.11489898711442947,569.722
small,12.33117127418518,0.12878787517547607,941.63
medium,33.843382358551025,0.08080808073282242,2663.797
large,58.27043437957764,0.02777777798473835,4618.771
large-v2,58.75089192390442,0.02777777798473835,4659.615
